,car_id,target_reg
0,P17494612l,5.237092812061129
1,N-1530212S,2.2801935784736758
2,B-1154399t,1.253226730374906
3,F12725233R,7.0513355902652055
4,l-1139189J,2.2331440001623943
5,U75286923j,5.237092812061129
6,T-7479831o,6.934951204323353
7,B-1369793u,7.002395368821996
8,Y-1289786X,2.232347560450747
9,C29045893T,7.076544434082188
10,v-1730983R,1.1299609400316377
11,I20727212Q,3.135978858271626
12,p48812438h,5.316310501811362
13,T-2633971l,5.2698941280240685
14,V-9683916q,5.316310501811362
15,P68488505Z,7.493213209815074
16,W23907639f,0.062002033011458714
17,A22674788w,7.41895586054949
18,y-1252277z,3.7872600234043903
19,u21168983D,5.189134837389144
20,x12753662A,5.33439731066387
21,v-7435255a,5.1754700042033415
22,E12421362P,4.336799810619528
23,J35738918W,2.1375011473505987
24,T16973122B,5.316310501811362
25,p-5671458M,5.33439731066387
26,I68086031c,0.8710450803848494
27,D69722395r,2.9611556630072577
28,X10967418c,0.24521035664367574
29,q-1489273f,6.988498309617363
30,C-1903701S,1.1857411979723522
31,r11820515d,4.050235758327929
32,x12397432S,4.5153826981545135
33,Q50389908q,1.3689767208618147
34,B18597537S,1.0905327967063694
35,S-9537522o,0.8593314023952663
36,a10623296X,1.0221340293783892
37,R28123139u,4.401210725522641
38,h-1451730v,6.934951204323353
39,d-1257449w,4.470845336419437
40,N11419190t,1.0905327967063694
41,k63904133P,0.4868598835707719
42,J92413639E,4.29386049468892
43,b-3875784F,0.6373340771795855
44,f15183722K,7.536074963099185
45,c-1874297z,0.2819604904048389
46,E16971328N,1.074516880090712
47,H18110876A,1.1397129452131296
48,P-1301418D,5.18711378223879
49,b-9697936F,2.247950775009514
50,H-4258275m,2.249665340724097
51,H10655858l,2.249665340724097
52,w-1481290E,4.115710187578282
53,C40885722w,6.187159047454911
54,f15625319Q,3.149541231698497
55,B42019578p,5.339686762561506
56,T65731704H,5.2698941280240685
57,e30424190o,1.2898794251865477
58,w-1081221i,5.155504183298617
59,E48110445u,2.301728107585793
60,u73256394H,3.0583211240777777
61,m17237645h,2.340621201971237
62,q-1403429B,2.8146396375824496
63,E-1889080W,5.316310501811362
64,b-1781291I,4.580834095207918
65,P77959737c,5.112645228481966
66,h17474551u,0.3540290861146564
67,d17705773B,0.5866951811168478
68,s-2080909j,5.301503726964242
69,N18448941g,1.074516880090712
70,P17953716g,3.4385539131073055
71,i94781425U,6.162304170478205
72,L-2155385D,3.117820886270701
73,Q21449479D,1.1299609400316377
74,z-1790906x,3.3638492218068485
75,C-4338027c,1.13455094849763
76,F13621020y,2.230424196873752
77,P-1981563m,0.6046532793986816
78,B20284663C,0.25258007226978935
79,X-5672837D,4.179316688693183
80,f-8313064a,7.173395855308774
81,S16867324D,5.316310501811362
82,l81011564d,2.911024761563897
83,T-7878324V,1.1299609400316377
84,X49290901c,7.002395368821996
85,N15373595s,4.204547527582802
86,g-1912309G,1.1299609400316377
87,G23848056z,4.238899016281909
88,w-3530598y,6.938389397047198
89,s-4092655x,0.29558298333343513
90,v60921451s,4.152787783961165
91,A-5309696c,-0.08829536714952693
92,a21437857o,1.0879814939494208
93,r-2049651S,4.368317141823013
94,c48174687o,0.4554055633332991
95,n57986901A,1.074516880090712
96,J43552505w,2.195810459867109
97,X69815445k,5.2698941280240685
98,Y31463755z,4.157059308694616
99,C-1846243L,2.2828390818720097
100,z10378875g,7.059541175576809
101,B-1843237q,2.1375011473505987
102,I-8201538D,7.115341562040004
103,k-7853395L,3.345630429807161
104,H-3154020d,4.33670754288284
105,v11532085a,4.292262448884451
106,o-1004837T,5.2698941280240685
107,E15850759P,0.32000346334742424
108,S11046237d,7.052304714456782
109,i19615927E,7.476101667304303
110,h24674210l,7.354949888774692
111,j-1003273K,2.156491752483402
112,i18120580r,4.33670754288284
113,t35781257E,4.571220970037435
114,S-7977049s,3.853178502472224
115,H10411834F,5.20192055708591
116,o29701218V,2.181352132203358
117,E-1304820y,6.938389397047198
118,V56226787D,4.336799810619528
119,I-9571675o,2.181352132203358
120,a-1832317K,1.0905327967063694
121,H-9271579x,4.212543955184005
122,H15689477U,0.584757242205353
123,J-8699353u,1.2286258986870562
124,S-6497022N,6.969998995987371
125,g11521087z,5.251899586908249
126,Q-1114187O,7.570517768904569
127,a-1510716r,2.195663670553427
128,G12673775u,0.33571512419535526
129,V-1604890W,7.460085750688646
130,o-8858693p,1.0905327967063694
131,F84870593a,1.0905327967063694
132,j17532274g,3.199985931841683
133,l-1283385g,6.938389397047198
134,s-2062095H,6.958355217951922
135,X13157100E,7.468865206184276
136,h-2273764e,4.770480880861214
137,B-2140476J,5.155504183298617
138,p-8263041e,4.33670754288284
139,Y-1681893d,4.898692939946306
140,w-1017091K,7.473550364547354
141,M-1236720D,5.33439731066387
142,I-7194770x,2.146390379648643
143,m13987388S,1.1299609400316377
144,w17315089Z,7.351511696050847
145,f-1380237E,2.1524587713244947
146,P10499796W,4.893740695849473
147,l-1844181l,3.055310424144099
148,g13957568L,5.098703505249295
149,R-5598576l,4.984742262342377
150,n59321309Q,7.107038162682194
151,R-1193631X,6.938389397047198
152,y-2178923H,2.109982114377274
153,m73284992F,6.449488817268463
154,Z-2537370X,0.36308106983795135
155,t17276860j,5.316310501811362
156,y33047270r,6.958355217951922
157,b-9079908N,0.6093694698292966
158,q92579907V,5.122702867335677
159,Z94669875T,5.33439731066387
160,M86375856k,3.555915307837182
161,c23067621B,1.1299609400316377
162,L-1838617u,4.951848678642749
163,s-1063517N,1.295206176457123
164,x-1172003m,-0.13183386505118685
165,Q10654514V,4.0491049311358225
166,A-3425095J,4.292262448884451
167,F-1854480x,3.4806587347639386
168,C-1953190j,4.243322660467981
169,l41267361i,5.2698941280240685
170,N90091958O,2.8578973132101253
171,z20306091J,5.111059089300229
172,F94970727I,5.275548410578724
173,M14830267a,7.124455633865565
174,i-1101173g,7.3631554740862954
175,l-7821340d,5.33439731066387
176,I18827052n,7.586890012042494
177,Z14111948t,5.124631654749343
178,T17415608q,0.3882326119506432
179,R-1068057n,1.074516880090712
180,K-8915465U,2.181352132203358
181,f-2804472s,5.316310501811362
182,v-1578970y,5.111059089300229
183,Q14003835G,5.155504183298617
184,W14646068A,0.7500847058723583
185,o-1593719v,4.33670754288284
186,C-4941408C,3.2183924491408886
187,x-9374675c,5.239021599474794
188,l12294446D,0.4380375780830635
189,p15777006h,2.173909412621968
190,w-8656872Z,3.2220317110626597
191,D66928361D,4.271700332244849
192,p-3553707D,4.212543955184005
193,M10807027o,2.249665340724097
194,g12484323a,2.207307448588876
195,Z-8212382G,2.1028529600250687
196,u79013135M,4.801663129757719
197,m28011734J,4.272296627979727
198,C-2143786U,5.111059089300229
199,x-2141235A,1.1299609400316377
200,b44994738S,3.928526934619021
201,J44930122W,1.2397621165161972
202,g32852591N,3.1331689885605725
203,G85830221c,5.316310501811362
204,D10434254T,5.169711933568137
205,R-1143403S,7.060449662090766
206,N18887406C,7.5091208424253395
207,v14387491a,5.2698941280240685
208,a87403235S,5.251899586908249
209,I-1075712g,0.3809188178242699
210,N-1087986g,0.31513689043980797
211,y-6871732c,5.316310501811362
212,A96730234u,5.356557473107941
213,a22064292L,1.3814925878856938
214,j-1774967Z,3.8582929684656144
215,T83338145S,5.2698941280240685
216,i21617445N,3.445668583667126
217,p-1641833m,2.195663670553427
218,z14656246B,3.156890830654791
219,G-1211626R,0.753643331611513
220,X12788823V,0.15213284621740883
221,c-1552425b,7.080415482995491
222,w-2122585e,2.1524587713244947
223,x11964154C,2.2860736059954663
224,t20645918R,3.6988862750594
225,z13283849d,1.1299609400316377
226,h11730518w,4.305469943507707
227,G19948827y,1.0263735570737678
228,r43274910O,1.2557780331318547
229,e-9096071i,2.109982114377274
230,d-8576748Q,7.140658689862378
231,z91796444U,6.944043679601853
232,F12654866z,5.155504183298617
233,w-1757702F,0.4807579504803825
234,b-1234099Q,5.2698941280240685
235,v21855739r,7.353674816153086
236,W-5904057t,1.2557780331318547
237,e-9386234g,0.46383461276567983
238,Q42074100L,4.356673363787564
239,g-4536331j,7.386559487714865
240,o65053979S,2.2331440001623943
241,F-4400642b,4.195224321303448
242,X-2198546w,7.642700868464874
243,c11345351C,2.091867267728485
244,M-4222158J,1.295206176457123
245,t-8913790b,1.0879814939494208
246,h-1723876L,5.33439731066387
247,b11565616J,4.587719173838925
248,s-1143093p,1.1299609400316377
249,F-1742867J,5.161158465853272
250,H-1333142D,5.2698941280240685
251,h-2832462V,5.111059089300229
252,n46152009j,1.0879814939494208
253,A41423630m,-0.17760411898772463
254,w23811317g,2.4104035343953667
255,v-3129503S,4.8608471121498456
256,V-2109665o,4.184793488136313
257,i10002840y,2.128920551273593
258,A12420027c,0.021528930776461005
259,Q-1710310B,4.212543955184005
260,k-5059454A,3.577512884860948
261,P78941617w,4.292262448884451
262,X84104929Z,1.3689767208618147
263,O-5258966R,7.386559487714865
264,W23785130R,0.5057627176112027
265,k64987032M,2.181352132203358
266,r-1560829H,5.316310501811362
267,O-1114284b,4.974873997153146
268,I-2189520Y,4.9600672223060265
269,z73740510r,7.074753592984038
270,F-5963184s,7.002395368821996
271,F93749838u,4.401210725522641
272,d13287541C,7.417352158832496
273,n12600427T,4.117582390181993
274,R22962581A,3.4066873297989297
275,m14976299n,4.577007176327106
276,K25148748I,4.292262448884451
277,F17991047v,1.295206176457123
278,U10000525B,4.064815253314329
279,L-5185142t,4.292262448884451
280,E22476230A,5.318025067525945
281,y-1918667p,4.292262448884451
282,m-8421500s,0.5399492600889935
283,i-6826693r,2.1375011473505987
284,Q-6236402F,1.1299609400316377
285,H13796940X,5.33439731066387
286,b12824965u,5.318025067525945
287,f25057132A,4.296987571186978
288,q12615606N,4.321822931253045
289,N-2546914l,0.07229570219311209
290,A-9042233M,3.0980553639834842
291,b28088953J,1.0905327967063694
292,y12090800r,7.115341562040004
293,m-3254742y,5.29205429046814
294,T11166103f,0.5866951811168478
295,B-1904262o,2.630833317274694
296,d-1638909M,3.8825672481887166
297,P20002659z,4.3087892683287805
298,O21101068n,1.0035975175805587
299,I-2609382N,4.401210725522641
300,M18031243d,7.3631554740862954
301,V81901707h,1.1299609400316377
302,H-1873611C,7.000791667105002
303,I-4335350O,1.0905327967063694
304,a-6685201O,7.386559487714865
305,S68517794A,5.2698941280240685
306,a-5655175l,2.181352132203358
307,v16259071w,4.927333792796468
308,y21090823R,3.127617852994599
309,V16991777n,5.220007365938418
310,E-4001328d,2.131252755650314
311,o-3515102Q,1.1299609400316377
312,j49593847v,1.0879814939494208
313,m-1140624S,6.969998995987371
314,I96780719P,5.301503726964242
315,W16150857p,5.316310501811362
316,p10336196A,2.247950775009514
317,F-1966393f,2.249665340724097
318,R-5073928i,4.5233082589358125
319,i-6078322g,4.1533449280326025
320,R-1797279a,5.242167528382489
321,v-1632640v,3.5940975877395998
322,b44358202J,0.4554055633332991
323,v21606356V,5.316310501811362
324,a89412563P,1.563276217992507
325,C14874883N,2.91936629603141
326,j-2557842j,5.316310501811362
327,s-8312774q,2.1594178742474655
328,Q83650998M,2.249665340724097
329,v-1742723N,3.4242965879145615
330,S15039720Y,5.316310501811362
331,X-1387510G,5.316310501811362
332,H-2809672w,4.272296627979727
333,O16507727j,4.920239079702576
334,I-6505525c,3.5625884276965283
335,E16516360g,5.2698941280240685
336,r-3744124X,5.0194043396263615
337,E-1660926L,1.0905327967063694
338,W41114899Y,3.929144882066734
339,J-1224401g,1.1299609400316377
340,z-4990028V,3.7306894534896333
341,S17802902i,2.897244494563233
342,r-5223681u,4.244125948792895
343,y40186666v,2.4009590343561835
344,X-7894537e,5.316310501811362
345,n18141460t,5.33439731066387
346,T-1846242d,3.2030504996468
347,l19641602B,2.2221142234359954
348,Q20350184W,5.251899586908249
349,u19545404h,5.163114420152408
350,i-2125059a,1.0905327967063694
351,u20670898G,5.2698941280240685
352,E13629887e,3.135489156394041
353,j-8833751a,5.301503726964242
354,l-1270744J,7.052304714456782
355,a-1444445A,4.084692242185403
356,F13923646T,6.404395888592243
357,W15387724h,4.0491049311358225
358,e10833227Z,0.9911590463964339
359,O18707780M,7.360604171329347
360,s-1070927u,7.484772838794542
361,f13961290o,5.1754700042033415
362,I-2258340t,0.37935819074635424
363,Y-1108881y,1.1870690734044422
364,C-2407162B,4.308338985608971
365,k-1021806U,4.33620351488465
366,B58815481j,1.074516880090712
367,Z-1497483y,3.1439744623150725
368,m-2038148P,5.316310501811362
369,W20323505Z,2.6195705422422897
370,h18172982Y,7.374915709679416
371,C-5107111N,2.181352132203358
372,T11570167i,1.0879814939494208
373,E-2189846g,4.341492966782286
374,J-9051627R,5.237092812061129
375,k-1266231T,0.7341039635842019
376,e-4843883N,4.212543955184005
377,V19603857b,4.309133159430886
378,a10075304B,0.5744962185028607
379,j20806666W,0.46733012991156486
380,p13183205N,7.354949888774692
381,F-1408164F,4.849203334114397
382,f16848135A,3.2588046822350925
383,m18276402k,5.316310501811362
384,O-4852964p,4.904384534698676
385,p-1032774f,1.0905327967063694
386,K-2141030h,1.1299609400316377
387,x33340734F,4.967632985218837
388,A-5539031E,0.5259936922332611
389,K-2121488X,1.0879814939494208
390,S-2104296W,4.239261455372891
391,V-4730687q,1.0905327967063694
392,m-1018494E,4.277950910534382
393,f12953922O,1.074516880090712
394,a15606967c,5.23412284847125
395,T-2050577H,2.1524587713244947
396,l21058873t,1.1299609400316377
397,S54991647N,7.080415482995491
398,O-1778305H,2.9163231557203804
399,r-9019459m,4.22725523824646
400,J-1701327Z,5.089333861697477
401,W-1085488J,3.6728053186302576
402,H29930196K,1.0905327967063694
403,t17442755k,7.493539478658705
404,N16782443w,2.1524587713244947
405,G83616598P,2.041385461927951
406,q-7529997V,1.074516880090712
407,m-2601611a,3.2681403481766886
408,r69432919t,7.002395368821996
409,J85546174E,5.301503726964242
410,F-1506247r,6.958355217951922
411,Y21723655j,3.902764733552957
412,Q15261602W,5.316310501811362
413,M11261740O,5.220007365938418
414,K50534665N,4.330983601527727
415,Y-1015822T,3.313754509976963
416,z-9596926C,0.5804552222511219
417,T-8671431r,1.1299609400316377
418,R-2077630y,5.33439731066387
419,I96387228J,7.043525258961152
420,z-9815533M,3.9050564131611085
421,I15837837J,5.33439731066387
422,P56763603O,6.938389397047198
423,h-1396839K,7.107038162682194
424,r-1477676H,1.2557780331318547
425,U42030492Z,1.0879814939494208
426,h64108495H,2.247950775009514
427,l-8882948y,7.360604171329347
428,n-8099641m,7.5396145710253455
429,f-1164209J,4.701508694007918
430,g-2072833K,2.1524587713244947
431,R10631147V,2.223828789150579
432,d-1627526q,0.587209307385225
433,k-2116384m,3.1783786451564304
434,y12532736D,4.255117294291342
435,S18268647a,7.214620615741414
436,D-1193769d,7.417352158832496
437,z49508882q,7.622857915014637
438,l13511253d,1.0879814939494208
439,y11003726G,2.185254425820984
440,S55044905B,0.6781651686323649
441,q-1419523q,0.050973213810189884
442,i12167734p,2.713337436764263
443,n18966581A,4.52067215005215
444,s-2225812u,4.406434421516324
445,g99706283N,1.074516880090712
446,k-8065294L,2.1594178742474655
447,D-3731198o,3.627333945947884
448,R-1511509a,3.886664946203692
449,W-1152410B,1.0539621661442717
450,A-6746020J,3.248679348220956
451,i62564137B,2.091079793966196
452,V81342356X,4.238899016281909
453,m70884293y,5.251899586908249
454,T-1440241N,2.1607488857939248
455,J16760665u,2.173909412621968
456,B30016393c,4.1692678690359966
457,n10206436k,5.000103374076977
458,y15691728a,2.3622179147346967
459,j-1923026R,2.0717330082984473
460,p-2070685P,5.33439731066387
461,e22835001P,6.938389397047198
462,f-2044867Y,1.0905327967063694
463,Q-1914888q,5.220007365938418
464,h-2696405T,5.187798742420645
465,G-1153171e,4.341996994780476
466,n-1502387M,4.065365072303413
467,y40441306G,2.1524587713244947
468,B22246797F,2.894296039837999
469,s14991094w,4.390694262294643
470,a-1190397Y,2.109982114377274
471,i11542071C,2.9688322988646183
472,l-2588047U,5.211137495675611
473,Q16201384v,4.3039062269199
474,w-7781882Z,1.0879814939494208
475,s77766899D,5.33439731066387
476,z-1503313M,6.938389397047198
477,l52568818B,5.220007365938418
478,v-1508530W,5.211137495675611
479,m13083528W,2.289940007889417
480,z-1243195L,2.168733085259281
481,b18857695O,5.33439731066387
482,v-1905656K,5.2698941280240685
483,P-6659279q,4.048584455697674
484,h13431746I,5.237092812061129
485,I71388786G,2.181352132203358
486,R-1701492N,2.827370941933694
487,y78999678J,1.9280185697032084
488,a-1426275y,4.908980140950929
489,L84463953R,6.958355217951922
490,Z-2128621C,4.179316688693183
491,M18466047W,5.316310501811362
492,g21645452f,5.33439731066387
493,o-1663812b,1.074516880090712
494,Q-1984603t,4.093550025134211
495,q23501901h,5.29205429046814
496,d-5544396q,1.1299609400316377
497,s-7084701f,5.301503726964242
498,g10084745U,6.958355217951922
499,D-9891385q,2.848405034314485
500,D11776354f,4.292262448884451
501,B18579200J,1.563276217992507
502,X73810314E,2.1194029877328155
503,s-2223156w,5.316310501811362
504,D82568273x,7.002395368821996
505,k-1107234s,4.309133159430886
506,T-1805505r,2.728499183820307
507,u-5015974t,5.2698941280240685
508,t-8201245H,1.1299609400316377
509,X24084222O,7.043525258961152
510,K-1916013Q,2.185254425820984
511,J10576054I,5.33439731066387
512,g21476323Y,2.8397407777849324
513,J22595982W,2.223828789150579
514,d15745111A,5.318025067525945
515,V20296571Z,2.2718255031681687
516,t78589983m,6.934951204323353
517,R-6055154h,2.3729353115878613
518,o-5397363T,2.95042423923155
519,y-1784222v,7.05219643045139
520,S-1513382W,4.303309931185022
521,g-5563252F,5.086674451424161
522,a-1166334r,5.33439731066387
523,Y21096922W,7.484772838794542
524,s10535398K,7.41895586054949
525,Z-5188222t,4.52067215005215
526,T22900577z,5.316310501811362
527,i10344980A,0.6799860436677683
528,X-2263190K,1.386162037704263
529,a-2111343W,7.351511696050847
530,k-1183222H,1.0879814939494208
531,x42906942Y,1.2209168012787777
532,m16863308b,5.2698941280240685
533,Z10247738u,4.291666153149573
534,i12798082E,7.402295042929624
535,C91514695x,3.4711385137353488
536,h61870657i,3.6927106297226677
537,C-8768079q,6.944043679601853
538,O-7894514e,2.719461224708689
539,Z-1926882U,2.143878175247489
540,N-3121550V,2.852459735322617
541,z-1254537O,2.390510470008933
542,u-1514787e,6.938389397047198
543,n-4360079R,5.251899586908249
544,O-2113046Z,5.2698941280240685
545,d13819532H,7.484772838794542
546,d54261887d,6.938389397047198
547,P-2048739B,7.612207139864868
548,f-1825133R,2.181352132203358
549,q-9928373B,2.181352132203358
550,S29542128Q,0.6492739831065765
551,J-1782910O,5.160793635196253
552,t17410389g,0.6134859875536505
553,Z17995139Z,3.8415347244367752
554,Z11671085y,5.316310501811362
555,D-7723622B,5.301503726964242
556,N-1539010p,5.111059089300229
557,u54154743P,5.301503726964242
558,j16845365O,5.246552312282445
559,k-1171716I,7.354949888774692
560,G81601770L,2.223828789150579
561,K-3529763Q,2.3322919851672235
562,b-1404013d,4.112261518524622
563,O-1398534Y,2.249665340724097
564,l69679835h,4.33670754288284
565,G14568186a,2.308994067280092
566,a-9442555A,4.125159624074384
567,G-1689492g,6.969998995987371
568,W12690163c,4.179316688693183
569,l17843143j,7.002395368821996
570,Z76981204Y,2.249665340724097
571,b16524531u,5.33439731066387
572,P83526152o,4.571220970037435
573,z-4612131R,6.958355217951922
574,s50463458T,7.002395368821996
575,u12928592s,7.531902053767498
576,U-1897169L,1.2509278276262537
577,j-1549044A,2.8968770790057317
578,Q87875664U,0.6244113071340661
579,q13885185m,2.223828789150579
580,C16715520C,2.195663670553427
581,T-1727751h,3.3865703231429163
582,m27082215N,2.223828789150579
583,e-8788520s,6.97018352892829
584,v36899226P,4.272296627979727
585,Y-2254716H,5.301503726964242
586,D-3425990U,2.3995972526365046
587,b-1050475p,3.497051085506638
588,w-1941558Q,3.8378162395139945
589,d-1134540I,5.316310501811362
590,K30520180u,2.31239892078079
591,q71640430n,2.1375011473505987
592,y10948537e,6.934951204323353
593,a16152476X,2.247950775009514
594,F-7462902B,5.316310501811362
595,t-3967937s,5.06451428898009
596,o-1118236T,1.074516880090712
597,g-1760425A,2.1835398601064004
598,b-5227653R,2.994774437640313
599,h-7408890w,6.938389397047198
600,K70391511e,2.170296801847088
601,V13438854p,1.1299609400316377
602,g-1740147b,7.467896081992699
603,J-1324072f,0.587209307385225
604,g53382924v,0.9598536794922286
605,x33005281c,2.2035122946474295
606,e24148786o,5.091093268395504
607,I-1503695V,5.18711378223879
608,E58388206y,4.084596212686985
609,y13484815Y,0.7676423499380407
610,R-2027359R,7.515529810629573
611,Z17729553x,4.029139110231098
612,H-1512213s,1.074516880090712
613,V-1552956h,2.279132108608025
614,H15345413o,6.958355217951922
615,w17370680J,1.295206176457123
616,J15476551r,1.4735956022020242
617,c-2250495g,2.207307448588876
618,Z17599412A,5.23412284847125
619,v57643253w,4.356673363787564
620,V-5494479D,1.3501941347321198
621,g-1126074r,6.938389397047198
622,Z80579540o,4.200980420854846
623,c-7272329q,7.002395368821996
624,z21450941n,2.2842008635916886
625,k-2034944s,5.129017471619891
626,B-1760099A,5.268770297454684
627,a61936474Y,1.074516880090712
628,k86159975d,1.0879814939494208
629,A10692422a,1.1299609400316377
630,r11362699a,2.1524587713244947
631,B-5479705C,0.6523187550506605
632,I98930031r,1.074516880090712
633,Z-1084098i,1.1299609400316377
634,b55045663j,6.82120789182634
635,h10096493s,7.07665271808758
636,n13675758u,2.4770009241758926
637,v-1469151Y,6.938389397047198
638,R21100020a,2.341851840255326
639,H-1226800z,7.002395368821996
640,l13980749p,2.8013391779408816
641,D-1518430R,0.11524448077007117
642,h13825532e,2.75972949987676
643,Q18803510e,2.2071886837768764
644,w69467024a,1.0905327967063694
645,a16149566K,5.29205429046814
646,R10923215L,1.074516880090712
647,H15481815Q,2.249665340724097
648,C-5040526N,5.237092812061129
649,m-2182440Q,7.002395368821996
650,P-4006382C,6.669903688784664
651,Y-2235574M,2.8917929820351116
652,H-1070903M,2.2331440001623943
653,w16163650F,3.0374582254772284
654,I21674635Q,6.938389397047198
655,Q-4587219M,7.586890012042494
656,N10540578u,1.2100788388952362
657,w-9916167W,4.33670754288284
658,g-1742741c,6.969998995987371
659,n-1575803E,3.6614591345989567
660,N31059484x,0.38764830521578447
661,H-1342764P,2.2071886837768764
662,X58767632q,2.2331440001623943
663,S20355997J,4.999438518721637
664,q30806358i,2.2578673127281466
665,W-1775855Q,3.8160861286936743
666,j92079780S,7.354949888774692
667,f63189062N,7.07665271808758
668,x-1205366S,4.060748709171271
669,H-1902314v,1.0905327967063694
670,f10226409O,1.1299609400316377
671,Q-4235244W,1.1299609400316377
672,P-1715787u,2.2613579430575563
673,x-1532496K,2.207307448588876
674,s-1076835x,1.0905327967063694
675,m76785981z,4.940161069946643
676,u-3215458S,4.271792599981537
677,H-1919071i,0.8068139146399784
678,p-1139197T,7.381459864230433
679,R95310344Y,5.316310501811362
680,e22646530u,3.61837697138986
681,o49311084b,2.207307448588876
682,x99598782E,2.128920551273593
683,Q-8465743r,5.251899586908249
684,K13600113i,7.124455633865565
685,x55379265k,1.2209168012787777
686,F-1518753o,4.423370887966712
687,e-2020384H,5.2698941280240685
688,n-4605215n,2.1594178742474655
689,q-4584627S,0.9957791769845061
690,O78712164p,6.938389397047198
691,j-1598707G,3.59063923244682
692,d-1282472g,1.018092052250407
693,h-2287342p,1.0905327967063694
694,s-7266626x,5.129017471619891
695,z-2843006O,1.6576923195927722
696,m21557315K,2.1375011473505987
697,j18870600U,5.220007365938418
698,H-7836096t,6.938389397047198
699,k19151173f,4.1533449280326025
700,g-1280182Z,5.091093268395504
701,d-6211776r,7.386559487714865
702,u-1590555V,5.070168571534745
703,c-1204255L,2.1524587713244947
704,f-8810014g,1.295206176457123
705,S11009197l,1.1299609400316377
706,g-2087791I,4.336799810619528
707,V12754137r,5.275548410578724
708,T-1769393Z,2.249665340724097
709,I-1117298r,-0.1386525214274305
710,P90790412Q,1.0879814939494208
711,c-7401486X,7.009082453155767
712,A21009715v,4.113515846038935
713,P94512494l,6.938389397047198
714,J58385372M,2.93423329136018
715,z11059333N,5.316310501811362
716,r13675823Y,4.227126962555061
717,O23192334Z,7.060449662090766
718,h72663703o,0.9584782486155297
719,u39852752H,3.5375696471981284
720,y75359172F,0.35361377194396776
721,C63413357V,5.148307645305288
722,H-2218041i,3.054534035985202
723,S12392431C,2.309625842332626
724,c10273234z,0.16991885772732201
725,J-1675931Y,1.0879814939494208
726,r15326588O,2.1524587713244947
727,O22786315O,1.2584488745321867
728,M14034762V,6.969998995987371
729,d-8796835F,1.4818811021996399
730,L-1687146I,1.0905327967063694
731,a16452738i,2.270740225337431
732,e-1589877h,1.1299609400316377
733,w-2228220D,3.1566256856537294
734,v73920097R,6.946594982358802
735,B10305712m,4.368317141823013
736,w17382345v,5.2698941280240685
737,h86663077a,1.2209168012787777
738,d-1261412O,6.958355217951922
739,N-3542587r,5.275548410578724
740,q-1127410X,4.069389753288313
741,m-1248909g,6.938389397047198
742,Z-1350437Z,1.074516880090712
743,G-7472388v,4.92188524117159
744,K18306053r,4.358363677328721
745,t-1389922J,5.425353171911009
746,w13418612e,4.292262448884451
747,d11818528X,7.002395368821996
748,v-4393931r,1.1299609400316377
749,a15124892o,4.668436950636139
750,l36861534V,3.150781989586375
751,P21146775A,4.33670754288284
752,B-8559176x,3.693449781933416
753,s-1233979x,5.096123887920263
754,N50018445X,6.958355217951922
755,E-4220998I,5.301503726964242
756,D28621238x,2.8777739823132467
757,r35592741h,2.2828390818720097
758,S-2179649Y,5.269986395760757
759,H-1135423y,2.532199273196646
760,J97849965O,1.6576923195927722
761,W21048865S,7.032538460487436
762,P10539613v,5.23412284847125
763,r-6268123s,4.272296627979727
764,A19893808P,6.938389397047198
765,c12458019K,5.251899586908249
766,r16624906R,1.7260951777188125
767,s-1701601T,5.2698941280240685
768,l-2073691v,1.3689767208618147
769,s-1227750Q,6.938389397047198
770,n-1588210t,0.021528930776461005
771,L-1950271Y,1.5455182063523412
772,L45819441T,4.292262448884451
773,X-1102199i,5.316310501811362
774,Y42307620l,5.316310501811362
775,c11493622d,2.331189567230142
776,s74743326E,1.1299609400316377
777,v92032706J,7.473943818824486
778,l40017744S,2.8615831815145896
779,F-1561156R,7.483803714602965
780,F-3458483b,5.018737167226413
781,Q-1573004E,4.898692939946306
782,I18762244f,4.3039062269199
783,x61993910W,5.2698941280240685
784,f70384121H,0.3640257118784746
785,b34607341j,4.330403096834347
786,s-1544537d,5.000103374076977
787,T-2651777L,2.456606160448256
788,Z-1690934p,5.275548410578724
789,z-1383208d,4.5670573661283935
790,F-2091675H,6.242147005729907
791,p-1026598C,0.8116098263393726
792,C-5229733d,7.002395368821996
793,t-5863497D,6.946594982358802
794,F14893199L,7.476101667304303
795,E-9761828K,4.291666153149573
796,r-3626163O,4.139176315963221
797,D-1975819d,5.155504183298617
798,n86645963R,5.301503726964242
799,I-6482386t,1.0905327967063694
800,z11959313t,3.1430238962739683
801,d19312186N,2.972624383304456
802,C11156821F,5.1754700042033415
803,z19283639B,2.882551185043142
804,D-1246382Y,1.0879814939494208
805,D14445025c,1.0879814939494208
806,j25666218Y,5.2698941280240685
807,E13352088w,7.002395368821996
808,v44596260Q,4.238899016281909
809,c13976633o,5.301503726964242
810,z16908407t,6.938389397047198
811,P15083043i,4.637545987471638
812,p-7727399o,5.2698941280240685
813,W-8604738y,4.113515846038935
814,J22352968u,4.984742262342377
815,G-7187279a,5.316310501811362
816,G-1183057B,5.220007365938418
817,E-1556800P,6.995765760310708
818,N16753727A,5.022273922544388
819,U-1860241R,4.406500177420277
820,f92515288W,7.770757195492585
821,q-1553054h,4.8293297809463605
822,d-1766392g,7.642700868464874
823,z-9268730t,5.425353171911009
824,D-1137759f,2.1524587713244947
825,Z22301798u,5.18711378223879
826,d-2160500k,7.115341562040004
827,f80644426f,1.6576923195927722
828,u-1069219e,0.27266023349258717
829,V70870192k,0.6176544716605165
830,M15122410M,5.2698941280240685
831,F19935095V,4.470845336419437
832,m92437987f,7.184513189567025
833,o-1720442f,5.275548410578724
834,Q-2043032T,4.22725523824646
835,k15728070F,6.958355217951922
836,i-4298300y,5.316310501811362
837,C-1549576C,5.301503726964242
838,w-8322851c,3.8606985742455278
839,H-2195683Y,7.873843492932114
840,b20675115I,5.356557473107941
841,w14143210k,2.2071886837768764
842,s17437438h,6.958355217951922
843,Q12901548n,5.33439731066387
844,I23394317X,1.1299609400316377
845,S10630331i,4.29386049468892
846,N15239751A,2.958459693064692
847,t11482362Y,6.938389397047198
848,c-1160907G,2.174574019079318
849,t17520024W,4.736136140910545
850,G16918724z,5.091093268395504
851,T-5518367u,2.247950775009514
852,K-2047259i,6.938389397047198
853,e-2894582l,7.115341562040004
854,u-6774973B,7.351511696050847
855,U-1642617V,4.271700332244849
856,Z19453799u,2.223828789150579
857,V80070476Q,5.301503726964242
858,L-1777501Y,2.223828789150579
859,M-3275863u,5.2698941280240685
860,D-1131723O,5.33439731066387
861,s12292138c,1.0905327967063694
862,d-2073713s,7.587712910189878
863,U-1440005A,1.074516880090712
864,D17587481H,4.779982210331333
865,O-2089662s,4.3039062269199
866,l-1247871G,0.4540409931403785
867,Q48397067x,4.238899016281909
868,G18135304s,4.587719173838925
869,s52741082h,5.054551014672095
870,R37055375H,2.3383172220938944
871,t-1505206e,1.9839519355067976
872,m-7073285w,1.1299609400316377
873,e-1963742G,7.557219181589872
874,R41701461o,6.934951204323353
875,P-1572930P,0.832001322218783
876,m19821763X,5.316310501811362
877,D-5247175p,3.6212623943085767
878,I-4491426o,1.1299609400316377
879,c-5796367L,1.052829209016158
880,D68676642F,2.346044562114624
881,B87840170Y,5.098703505249295
882,E-1074824O,7.002395368821996
883,L-2105285X,4.2343552865527325
884,A18722372t,5.33439731066387
885,t-1655791x,4.207289417341736
886,R26898137t,3.473623701752643
887,x73165245L,0.43158067357666763
888,H10144433Z,4.470845336419437
889,o-9460824A,7.467896081992699
890,h-4056890V,2.181352132203358
891,S71464104w,0.21462250138041744
892,Q-3414660J,1.074516880090712
893,D24219627Y,0.46412607924615834
894,g-5564720R,1.0905327967063694
895,g-5327257o,1.1299609400316377
896,z16965935R,5.111059089300229
897,W-5886969z,3.2138306028532764
898,Y61608416T,7.612207139864868
899,H-5193657t,7.467896081992699
900,r14798824O,5.301503726964242
901,q-1329704C,3.563566406859482
902,W-1162613s,6.8884260645562865
903,q-1451412w,3.3430757075821464
904,s10825773A,4.244550907270527
905,W-1322764B,2.143878175247489
906,C-1335407d,4.368317141823013
907,Q-1854633d,5.174327564250537
908,j12033464t,7.354949888774692
909,x-1653730E,7.354949888774692
910,L-1459492G,4.179316688693183
911,A18622071d,4.171125836559453
912,G12921056E,1.0879814939494208
913,M17587699m,7.002395368821996
914,H11201074S,2.247950775009514
915,g61901962A,0.2546261785802434
916,W-3006427Z,4.9600672223060265
917,f21354327c,4.33670754288284
918,L-1435343R,1.0879814939494208
919,K-9089430v,5.301503726964242
920,u89834900L,3.891891878714679
921,K-6843993d,7.468865206184276
922,g19283665q,1.1299609400316377
923,V21055732W,2.181352132203358
924,L20847256I,5.33439731066387
925,K20941520F,4.423305132062759
926,s-1506268E,1.0879814939494208
927,s13306845G,1.4844956806109526
928,t14118502r,1.252555495842457
929,l-1141377S,7.467896081992699
930,M63300651V,4.336799810619528
931,O-1741687v,5.251899586908249
932,J-1064181u,7.532871177959074
933,R-2596313V,1.074516880090712
934,i-1845254S,7.519729778118466
935,k-1573458g,0.5320956253236504
936,Q-7165920T,6.155850214834454
937,K-7253573V,0.7103342925720044
938,u-2045579o,5.316310501811362
939,o-7174642t,5.339686762561506
940,W38257448E,5.1754700042033415
941,R15758843A,5.237092812061129
942,j-1164533d,4.401210725522641
943,K19878738u,4.356673363787564
944,F-1356357a,5.20192055708591
945,s18773736B,7.05219643045139
946,f-2195380L,7.002395368821996
947,I16894729d,5.253614152622832
948,x73377373J,5.129017471619891
949,A13983367R,5.251899586908249
950,W90386436H,2.2221142234359954
951,d-1208731e,1.0879814939494208
952,E10689597V,5.2698941280240685
953,e18535481H,0.43188083069630695
954,C-1401160X,5.318025067525945
955,D-8642892Q,5.251899586908249
956,y-9607515v,0.10133036808809345
957,R39433396K,2.2860736059954663
958,o14616394R,5.096123887920263
959,r21184266q,5.33439731066387
960,f21015538f,4.217833407081641
961,j18832518Q,7.018319499557467
962,m73046504n,-0.060218475789573095
963,B-9791729R,3.105859926893459
964,k13021113b,5.33439731066387
965,G89078774t,4.295958468038676
966,r-1060256J,3.98474749304939
967,F-1410401k,5.301503726964242
968,S12437589H,4.356673363787564
969,o-1474795Y,5.316310501811362
970,v-6600194g,7.41895586054949
971,e69316734g,5.2427914376713565
972,F14045081A,6.946594982358802
973,p-2049920L,7.7548495628823195
974,Z-4995244V,7.493213209815074
975,Q28342682U,4.099204307688866
976,i20932780E,5.269986395760757
977,T-3474422m,7.374915709679416
978,A-2251370Z,5.2698941280240685
979,a13118905A,4.401210725522641
980,o-5518912i,4.162712599053335
981,r13112137S,5.251899586908249
982,L-1172603K,4.356673363787564
983,F15323913w,4.456168967412348
984,b41466140L,6.976738074024242
985,H-1126826u,4.64813364993875
986,S80787227y,6.946594982358802
987,g62902770K,1.2523991763325295
988,c21339742C,6.934951204323353
989,o-8291576Q,-0.1386525214274305
990,A16177147F,7.107038162682194
991,V-7911017W,1.6576923195927722
992,I12484436u,4.567845620670889
993,u-2985309w,5.122702867335677
994,i-7675958l,5.03171297301715
995,Z-2003336X,1.0879814939494208
996,R17548053Q,3.553936356608843
997,T-3625019V,3.224486746433837
998,G58798171H,2.1375011473505987
999,X14239142s,5.301503726964242
1000,W-1663352r,2.173909412621968
1001,R10053414j,2.3430181321827104
1002,E11344405c,1.0879814939494208
1003,E41968356d,5.251899586908249
1004,n-1774226C,3.7454246355010286
1005,v50135109z,6.938389397047198
1006,v-2502243y,2.247950775009514
1007,k81607148Q,3.0064182156757617
1008,y-1159389K,4.5233082589358125
1009,Z-9551096Z,1.0905327967063694
1010,z73398830W,1.0905327967063694
1011,S-2180379V,2.395785457310786
1012,Y19585916c,4.356673363787564
1013,F-1772949E,4.551354837599367
1014,N-4056140F,1.1299609400316377
1015,M20457206h,5.18711378223879
1016,f-2054559Z,7.043525258961152
1017,C-1947908i,2.1524587713244947
1018,Z-1004053E,6.934951204323353
1019,E16706596Y,7.467896081992699
1020,L-1236498L,6.934951204323353
1021,M21428480q,1.13455094849763
1022,g34212838O,0.7699053663654492
1023,i77678921h,5.33439731066387
1024,s-1993335Q,5.2698941280240685
1025,w-1217800P,0.6543158454228806
1026,m-4445026W,7.002395368821996
1027,w-1020644b,0.33362593948922686
1028,r-1878207s,5.2698941280240685
1029,S-2803516o,3.7902972582085925
1030,g31689700a,0.5600523348533238
1031,L-3828198a,0.2971028355274642
1032,p-2023967W,5.316310501811362
1033,R93384932a,2.2331440001623943
1034,o27482006r,0.531022524721906
1035,o69465373z,3.66297840204939
1036,x-2214584G,1.1299609400316377
1037,F16677411t,5.33439731066387
1038,B-8278342d,3.7146583983836705
1039,w14795716n,5.316310501811362
1040,q21418139n,4.3204275674816035
1041,k58875945X,4.113515846038935
1042,E10178721V,1.2898794251865477
1043,y54427123h,4.627516226356081
1044,N-1116467g,4.19617171204608
1045,L-1098436W,1.0879814939494208
1046,K15170901N,3.415056345562338
1047,y-1741356P,5.356557473107941
1048,z-4349749h,2.207307448588876
1049,y-6566782r,7.531902053767498
1050,T-1729770o,5.251899586908249
1051,V-8483576f,1.074516880090712
1052,a39440404D,2.195663670553427
1053,i51467047f,5.268770297454684
1054,H-1369852D,0.938960568723031
1055,M-9668613M,2.1375011473505987
1056,q-1575533Y,3.9078251767754106
1057,F-2122411I,1.0879814939494208
1058,c-2121060b,2.207307448588876
1059,H22186863I,3.891891878714679
1060,d68073068W,5.316310501811362
1061,D-7066589I,5.2698941280240685
1062,o11670334e,0.587209307385225
1063,G-1501141U,4.292262448884451
1064,x-6577654c,7.043525258961152
1065,i22784686n,1.0905327967063694
1066,Q36627447o,5.301503726964242
1067,a-2079734V,4.210754719417136
1068,P17112537M,5.303067443552049
1069,I-2947258i,4.0491049311358225
1070,d-7058280z,0.15454582109716902
1071,V-6734711I,2.181352132203358
1072,x16070571D,2.1524587713244947
1073,A99628604w,1.1299609400316377
1074,c-3559292Z,7.002395368821996
1075,D-1642232Y,2.2331440001623943
1076,H-2177827U,2.4495004819812776
1077,t43860654e,3.840708328454385
1078,O-2567044a,2.207307448588876
1079,y-1456481W,5.318025067525945
1080,F-1311521c,7.002395368821996
1081,W-1338521Q,7.002395368821996
1082,S21521405j,2.9674268383170723
1083,j-9167677u,3.1783786451564304
1084,E22045798o,5.269986395760757
1085,i15589390k,6.946594982358802
1086,l15227760Q,3.156344290514849
1087,h-6100646F,3.5642534864968254
1088,L-2071083z,4.604077978355397
1089,Q-1583701a,7.460085750688646
1090,J-1966936j,2.120064259562317
1091,p97277001v,4.482489114454886
1092,A-1959167m,2.2331440001623943
1093,b-1232634R,1.8487935354119696
1094,C14499779J,1.074516880090712
1095,A-1900042l,6.958355217951922
1096,D47614465T,6.946594982358802
1097,i55328849i,1.0080990654567183
1098,L14501903b,5.111059089300229
1099,U61603538T,2.223828789150579
1100,Z-2000448T,7.115341562040004
1101,V21733186R,1.0038031472283182
1102,x38176093d,2.1375011473505987
1103,S-1872523D,7.468865206184276
1104,U-9105241l,4.292262448884451
1105,d-1067020V,4.251471470071183
1106,T13652201h,1.1299609400316377
1107,v83124010d,3.156218482712359
1108,c-5320374q,5.425353171911009
1109,P-5877829p,7.351511696050847
1110,K-4097683X,2.249665340724097
1111,X73607704q,4.297752341871507
1112,d-1645612W,5.301503726964242
1113,M-1949772G,5.239021599474794
1114,d-9809366C,3.281642155065176
1115,v-9133799l,-0.12232990042134363
1116,j16496771g,2.955652024606922
1117,p98074932P,0.6881741301279328
1118,G-1685085q,7.354949888774692
1119,L-1156474z,1.2397621165161972
1120,n-7286817N,1.074516880090712
1121,G17139758L,1.0905327967063694
1122,M-4377864u,5.301503726964242
1123,u10884582m,6.958355217951922
1124,c-1819930r,4.908980140950929
1125,I-1016418u,5.237092812061129
1126,f-8509753a,4.292262448884451
1127,f10270915c,7.190272612110617
1128,I50788104J,2.330926566812132
1129,m-1618295c,2.429435691737515
1130,Q11656086H,6.934951204323353
1131,b17685766M,4.423370887966712
1132,n19528133d,4.244125948792895
1133,I-2222955D,0.8278422316066799
1134,U14909638n,3.0012913804476224
1135,P19518709T,1.074516880090712
1136,V-1888434u,5.20192055708591
1137,R53321573r,2.223828789150579
1138,U12552466o,5.155504183298617
1139,m21172670I,7.354949888774692
1140,d71004474f,4.292262448884451
1141,n-6003131B,1.0905327967063694
1142,w45505269O,6.968532488712638
1143,v22456431E,4.307959005932899
1144,D20302252H,1.1299609400316377
1145,E-1789284H,5.301503726964242
1146,F21755120L,6.934951204323353
1147,y-2096513h,1.1299609400316377
1148,X38064587K,0.3556449337062731
1149,j36860430F,3.7531908039656665
1150,M-1188559U,2.2124505652408115
1151,M-1057522s,1.0512463887581645
1152,r-1767573M,1.074516880090712
1153,N-2165696F,1.1849488983066345
1154,l-9002229j,1.4890765580698686
1155,Q13796033u,5.33439731066387
1156,E20487110v,5.33439731066387
1157,U54007251T,5.237092812061129
1158,k-1001578G,4.932412301910842
1159,m-1316228Q,7.476101667304303
1160,x38424933t,3.1390710662765744
1161,z42577454j,2.704092752059753
1162,h15726678G,5.275548410578724
1163,J-2100035F,7.557219181589872
1164,u12997600r,4.9104973872677515
1165,G-1444514J,3.242002097207094
1166,r80685540h,3.908705499158311
1167,i-2886682y,7.369253819667963
1168,U12958604d,1.1299609400316377
1169,Q-2285147y,1.1299609400316377
1170,d-5980296U,5.096123887920263
1171,r-5694899j,3.517286347522627
1172,y-3995748C,0.5430592942203119
1173,H-1417790G,5.2698941280240685
1174,h66072023A,3.4628043845016334
1175,m-8844106y,7.41895586054949
1176,V-3922506p,0.3372911509378809
1177,P-7215920v,7.67881499748121
1178,v-1334609Q,0.6358490723771222
1179,y-2901647k,7.05219643045139
1180,P41449662O,4.292262448884451
1181,N17048798L,3.0635899797655357
1182,o-3239309x,0.4592029898558781
1183,f-4517248O,1.13455094849763
1184,i20236215k,0.7889984111551374
1185,c-1909821W,3.8432186277617846
1186,S-1058341S,5.33439731066387
1187,Q27397166k,7.873843492932114
1188,m-2234361C,0.964851549668024
1189,y-1310937L,7.354949888774692
1190,h11115340f,1.0905327967063694
1191,C-2095125S,5.1754700042033415
1192,H-1012725h,4.406434421516324
1193,A-5953942h,6.938389397047198
1194,b-5677746H,2.223828789150579
1195,b-2174248s,7.0513355902652055
1196,J-1468143m,5.1754700042033415
1197,d-1590616X,1.074516880090712
1198,A-2010794j,1.0905327967063694
1199,S10025512H,5.316310501811362
1200,F62717656N,0.8898518666987859
1201,Q-9015964Z,2.3395031354475178
1202,e60616052a,6.958355217951922
1203,O-1094429s,6.946594982358802
1204,G-3730407g,1.0427168525110968
1205,W17258092O,3.280540437138017
1206,Z-8046890f,6.969998995987371
1207,C-1531638p,1.5167062903744217
1208,b16129006F,4.126250570098344
1209,O20309077v,1.0879814939494208
1210,G-1150322W,0.36159958671968756
1211,v-1523714V,6.268007994079642
1212,m41491349u,1.0879814939494208
1213,N-2592617I,5.316310501811362
1214,b15147844G,5.33439731066387
1215,J-1119809Z,1.0879814939494208
1216,x13343580w,7.532871177959074
1217,R88463379h,5.33439731066387
1218,w-5790710u,3.0413585372217913
1219,w20420004F,2.2331440001623943
1220,J-9110297t,4.238899016281909
1221,E15110775p,3.791003606713485
1222,j-8044553g,2.1375011473505987
1223,F16044963S,1.0905327967063694
1224,R91630921n,7.472340117107492
1225,A-3836077o,1.1299609400316377
1226,s-2202835E,5.33439731066387
1227,O-2222377Z,7.473943818824486
1228,s22484554J,2.3084654221701904
1229,D88984934M,1.3120395876306195
1230,X19668940Y,2.374471614426642
1231,D-1808806N,4.179316688693183
1232,j18586699W,5.21931607362413
1233,H69080088J,6.958355217951922
1234,n12252517h,1.0879814939494208
1235,i-1711813H,0.6788224700843706
1236,S10721675C,5.316310501811362
1237,X-2170601O,2.3587088018136746
1238,i97387429H,5.237092812061129
1239,d22008645E,5.096123887920263
1240,n-3455333h,5.2698941280240685
1241,B23739608U,1.1299609400316377
1242,F-4198459W,4.401210725522641
1243,B-4284440k,5.2698941280240685
1244,G-6904316x,7.473943818824486
1245,N-1095600Q,2.249665340724097
1246,D-1029823M,2.4743637878409195
1247,d88026009F,5.339686762561506
1248,P-1279354K,5.203635122800494
1249,S-2221955m,5.301503726964242
1250,U-2195930Q,4.33670754288284
1251,L-1748371J,2.2589614839606544
1252,C-1092574s,3.044906722524235
1253,x78336615j,1.1397129452131296
1254,d22823530e,5.316310501811362
1255,f-5599112Q,0.43188083069630695
1256,w12601279c,1.1000991114731296
1257,O12999011Q,2.207307448588876
1258,D39654489v,1.5607249152355585
1259,G-1119002U,2.291718591697125
1260,x-1331259n,3.0064182156757617
1261,x-1366202T,5.33439731066387
1262,e22337672e,3.435489215334076
1263,h11974580h,5.160793635196253
1264,b-1924728p,6.944043679601853
1265,t-8150753L,5.239021599474794
1266,i16707497b,4.292262448884451
1267,d40778348c,7.473943818824486
1268,x-6745292f,1.0879814939494208
1269,Q-1197469B,1.074516880090712
1270,y19339480p,7.41895586054949
1271,E-1574398v,4.271700332244849
1272,F-1541843G,5.33439731066387
1273,J-1898029b,4.3058350143335655
1274,i-2267354V,5.2698941280240685
1275,z-1706928C,0.7120047358311257
1276,h16480906Q,1.0905327967063694
1277,b20875811r,2.7790289372476615
1278,g57509660G,3.4791537305024813
1279,i10233407e,4.558756507055254
1280,b-1633141B,5.316310501811362
1281,r44343477P,0.3372911509378809
1282,X10140728m,4.401210725522641
1283,u60678999S,4.401210725522641
1284,X66836862t,5.155504183298617
1285,r-2626717n,0.8068139146399784
1286,l25990633r,5.269986395760757
1287,o16159959N,0.5141817680012399
1288,P-8366433v,5.122702867335677
1289,D-1742188V,1.2397621165161972
1290,q15163647k,7.1066875257476285
1291,m-1582917S,2.249665340724097
1292,u15259964F,3.42473496546244
1293,M-1332669r,1.074516880090712
1294,F-2033009p,4.126082052370846
1295,w15256527O,5.2698941280240685
1296,v-2214221g,3.3881978692553414
1297,u-8176531i,5.137509642182797
1298,B44546931a,6.934951204323353
1299,C-3329059P,4.272296627979727
1300,z48466812V,5.33439731066387
1301,N91717170a,3.458498572319867
1302,h10197943p,1.1299609400316377
1303,f-1804114y,1.074516880090712
1304,y65839268d,2.895093729679584
1305,s20690018N,4.386073616166443
1306,Z16406378j,3.3350487679024323
1307,r-6401544e,2.223828789150579
1308,A74571031O,1.1299609400316377
1309,I-1022513U,5.2698941280240685
1310,M-1528828l,4.308453047836958
1311,w-5395626f,5.301503726964242
1312,U15424894F,7.468865206184276
1313,X-1521550g,2.731763100835224
1314,b-1756095Y,4.048205298841045
1315,S-4942615g,5.220007365938418
1316,a-1170299l,3.6134638979732427
1317,W20898223q,3.853000614035712
1318,u13780325P,1.074516880090712
1319,q35175771e,5.269986395760757
1320,K81291347a,0.6917150325467991
1321,G15557106t,3.0253143353465184
1322,y21647488o,4.904347222500961
1323,O-2154805o,3.0483215978661313
1324,D11355691L,0.4500295479475226
1325,t60412618s,6.938389397047198
1326,M15952724y,5.05973137399831
1327,k24372320c,3.6005939742757134
1328,J16859061o,6.934951204323353
1329,M11049568F,2.195663670553427
1330,z11525648X,5.2698941280240685
1331,u41400760y,0.9964970366042806
1332,V48666541E,4.342361825437495
1333,t-1305628R,5.316310501811362
1334,F20989471t,1.1299609400316377
1335,G19704655v,5.33439731066387
1336,h-1084715m,0.13651176618482522
1337,X13848460A,5.316310501811362
1338,H49107775b,1.253226730374906
1339,V-2127600s,4.33620351488465
1340,M-2221760V,7.473943818824486
1341,w-2040826k,6.850471794668824
1342,Z15550264W,0.5125211648109427
1343,b-8727186X,0.6881741301279328
1344,g10838650B,7.115341562040004
1345,d19534101p,-0.12232990042134363
1346,j-8523085j,7.0513355902652055
1347,Y-2259833v,0.2925568710376995
1348,y40076926G,4.33620351488465
1349,m21197630U,0.1756709038201233
1350,J-9282883I,0.3372911509378809
1351,y-1593526o,5.2698941280240685
1352,R18548797W,0.3281477453790364
1353,M78454309n,2.223828789150579
1354,H-1952766q,6.934951204323353
1355,O-7318695N,4.255420356843612
1356,Z-1382353b,4.401210725522641
1357,y33995729F,0.43704282741180644
1358,A-1931285c,2.148412407937765
1359,b-4023465w,0.01123739923940563
1360,y28247093F,1.13455094849763
1361,b-2099867z,6.938389397047198
1362,N13810671e,5.18711378223879
1363,M-1208274P,4.401210725522641
1364,E94491875l,5.057941414016657
1365,p14296940a,2.2071886837768764
1366,e-5032325d,1.074516880090712
1367,f-2278644T,4.984696557096613
1368,N-1449511Y,2.5219353827584587
1369,R72473068v,5.00149133854855
1370,K15727484r,5.316310501811362
1371,x-1530392k,5.220007365938418
1372,m14032324U,4.320827481411351
1373,o-3502321X,7.354949888774692
1374,M-9369867A,5.1877064746839565
1375,e-1176726O,4.22725523824646
1376,F-8971471f,1.0879814939494208
1377,w16001206y,7.002395368821996
1378,T24942626H,4.599362951874374
1379,Z-9250568A,6.185074416731131
1380,R20946794F,2.3479077725628708
1381,y-3708778R,7.473943818824486
1382,d-7461024X,3.8622733687065027
1383,r-1304067j,7.025098369771425
1384,M-1727464u,1.1299609400316377
1385,X12353297J,1.0879814939494208
1386,t19399198h,1.3327607480715757
1387,a-2221133L,4.5233082589358125
1388,n15134422D,0.15283438719091214
1389,e-1041702t,0.1687130263338654
1390,Q-1108615n,4.133537770686268
1391,r67742622z,4.368317141823013
1392,Y77630283F,3.72679433356695
1393,I-8740476B,3.229906620973345
1394,f12831819d,5.000103374076977
1395,y-2117938S,2.2842008635916886
1396,X13552128w,5.220007365938418
1397,m89915934c,2.181352132203358
1398,u12923191V,2.207307448588876
1399,g64040787A,2.195663670553427
1400,B53432209f,7.354949888774692
1401,Q18090458O,4.271700332244849
1402,v11087640F,1.4118867436335507
1403,s-1018199L,3.5148213635801993
1404,T15119744o,4.33670754288284
1405,E-2442116D,7.532871177959074
1406,l93168360C,3.1787801305804284
1407,Q52925581k,5.33439731066387
1408,k11571129f,4.112949471732025
1409,K18787489X,5.33439731066387
1410,i17417440r,6.934951204323353
1411,H-9338402M,5.301503726964242
1412,e18576123A,2.737715135290526
1413,L93331905w,5.301503726964242
1414,G18790404J,7.002395368821996
1415,H19063606t,5.06451428898009
1416,A82111385d,2.1524587713244947
1417,l96257336G,4.33670754288284
1418,c31569057o,4.291666153149573
1419,O-2283230Y,6.938389397047198
1420,B-6097000E,2.2459889515946503
1421,s-8423183t,0.805881105068435
1422,p16672632d,2.3206482071317747
1423,J11698270E,5.275548410578724
1424,G22172959I,1.0905327967063694
1425,I21909345v,2.3322919851672235
1426,m13540768n,5.318025067525945
1427,N-2047707A,4.849203334114397
1428,q15473703P,1.0879814939494208
1429,b28091206k,1.0905327967063694
1430,d-2060227V,3.867915988185277
1431,D23788223O,4.401210725522641
1432,k-1947529W,3.350385056659453
1433,b-9715554C,4.33620351488465
1434,q-5271670J,5.301503726964242
1435,u12970971g,5.18711378223879
1436,n-6059768d,2.3896044129814764
1437,L22185348p,5.29205429046814
1438,O13331241u,4.212543955184005
1439,L16141312N,1.0905327967063694
1440,W38697890A,1.1299609400316377
1441,u-2120761B,3.224486746433837
1442,c66464279D,0.38887791963266116
1443,e13156563s,4.358867705326911
1444,T42238184L,3.518375280159832
1445,D-1336442P,2.101401518300268
1446,E-5337479S,5.237092812061129
1447,X95516419Q,2.195663670553427
1448,H-2355000g,1.1299609400316377
1449,s-5301854b,0.6093694698292966
1450,u-2940182P,7.493213209815074
1451,G-9079594w,4.336799810619528
1452,Z20606311h,5.020069194981701
1453,t-6922750L,4.401210725522641
1454,Q21391218q,1.1299609400316377
1455,u12977186v,4.292262448884451
1456,h13802624r,5.251899586908249
1457,I-1538597J,4.3039062269199
1458,X11025811v,1.1299609400316377
1459,S-2294339s,0.49788222028052015
1460,g13118176m,5.33439731066387
1461,S21991071M,0.5125211648109427
1462,L10129399Y,5.237092812061129
1463,Z13161380J,7.164152570183097
1464,J-6052671x,5.111059089300229
1465,e11908473n,5.2698941280240685
1466,U-1131662Q,7.41895586054949
1467,h54754410l,1.074516880090712
1468,w68053735H,1.3633295125509024
1469,A31292617m,0.8890465502216696
1470,V45384349q,5.187798742420645
1471,k-1087627k,2.1504796036540834
1472,Q-1888317Y,4.356673363787564
1473,Q-1456372K,2.249665340724097
1474,S19572879o,2.181352132203358
1475,j13287780b,1.0905327967063694
1476,X-1427883w,4.358867705326911
1477,t12980699M,2.463242929469788
1478,K-9081250O,2.223828789150579
1479,N96928373A,1.573715198186173
1480,r19349335d,0.42772174008420377
1481,D22898421E,7.060449662090766
1482,A-7650056Z,1.074516880090712
1483,B-1572757V,2.358128536740742
1484,D11212854M,2.2071886837768764
1485,H62136397R,5.2698941280240685
1486,n16749457W,2.223828789150579
1487,c-1411220k,1.0879814939494208
1488,g-8950344h,3.2579241911508556
1489,g28465883Y,1.0905327967063694
1490,O-3470382z,6.468381870104862
1491,C-7657933N,4.229311307627112
1492,n-7904705X,6.946594982358802
1493,E-2002668A,3.533380868807735
1494,E15401424s,2.8944666358849935
1495,Q-1558145Z,0.4174950602457615
1496,j-1474542d,4.212543955184005
1497,J51767292L,5.33439731066387
1498,M-1609284U,6.9860231256840715
1499,O32025767k,3.0583002882593737
1500,G-4998152Q,1.0879814939494208
1501,d-8684879I,5.237092812061129
1502,c11762411c,7.115341562040004
1503,T61957630q,5.316310501811362
1504,e-1246632H,2.2071886837768764
1505,a96529450S,4.342361825437495
1506,m-1300432a,1.2209168012787777
1507,H-1232380o,4.383413139919486
1508,U18643336W,4.547682749986533
1509,E42133174Y,4.406434421516324
1510,N-2173692X,3.9510758611068053
1511,O15299283X,7.468865206184276
1512,Y11513708Q,3.716225323781077
1513,I14426935X,1.1299609400316377
1514,L-1576450f,7.0933512300691355
1515,L-2066997I,5.155504183298617
1516,g20198311v,3.6069739778948895
1517,K-1750463c,7.002395368821996
1518,A48818516t,2.1375011473505987
1519,b12102660G,0.43188083069630695
1520,C-1721101w,0.37935819074635424
1521,L21617225g,5.316310501811362
1522,y18690561q,2.247950775009514
1523,Z-2044688T,5.316310501811362
1524,w-3300489y,5.301503726964242
1525,o43682483i,5.033917700579837
1526,p-2177230P,3.4639941246528942
1527,d53962651M,3.2681403481766886
1528,h-1079130a,5.356557473107941
1529,d-1063018h,5.264170186668956
1530,e12616376T,1.2269880445055208
1531,g-1997866b,4.764826598306559
1532,p22351271i,5.33439731066387
1533,s18801959g,3.3424495837967303
1534,W-1146682H,3.7756162453689415
1535,Y21010106g,2.195663670553427
1536,N-1493098E,3.874533955954442
1537,a16757494v,4.212543955184005
1538,L31333870v,4.784792419211284
1539,O-1116026m,1.0879814939494208
1540,a-1327017v,0.6358490723771222
1541,J32481265i,1.074516880090712
1542,u-7465003y,5.18711378223879
1543,C-8282660x,0.19419988602588217
1544,z-1194508g,7.05219643045139
1545,M17131119X,4.309133159430886
1546,A16430015I,4.401210725522641
1547,T21560454W,5.268770297454684
1548,d-5044364D,2.2071886837768764
1549,A-4567027H,7.354949888774692
1550,l14731037p,7.354949888774692
1551,j21216284z,2.195663670553427
1552,w18663416B,5.33439731066387
1553,N-1067764s,3.1347727053718644
1554,a96316507d,4.401210725522641
1555,Q-2863519f,5.316310501811362
1556,R-4412745F,0.6218135622726193
1557,w-2100178z,4.126723340662191
1558,N12140841u,3.7913471405679973
1559,v-2217035r,4.272296627979727
1560,j22675199u,1.1299609400316377
1561,Y-2060323c,4.373460258474949
1562,H-9946877t,5.316310501811362
1563,V24408620j,2.0584117698075852
1564,D20994817l,1.1299609400316377
1565,d-5916656a,3.5010790831100196
1566,r-1888435Q,5.2698941280240685
1567,s-8011046y,2.101395654129717
1568,l-8338225N,4.423370887966712
1569,N17651234L,1.0363732167858102
1570,t-1660621F,2.4104035343953667
1571,A-4300243z,6.936785695330204
1572,Q-1531120K,0.3997686170662574
1573,b14483061v,2.249665340724097
1574,p13496102g,4.341996994780476
1575,f-3084055k,5.275548410578724
1576,b-7106735g,4.113515846038935
1577,B-5818398M,5.301503726964242
1578,k-6134216L,5.316310501811362
1579,q-8983496T,7.0513355902652055
1580,c21152319h,2.2437462349335897
1581,u22537189s,5.155504183298617
1582,S42898575W,2.2331440001623943
1583,u-2592615u,5.2698941280240685
1584,U15973213W,6.9860231256840715
1585,a-1555492o,1.074516880090712
1586,T17948597q,2.9299185935818395
1587,K-1596430s,3.4468951279065116
1588,t70806905i,3.361086015931762
1589,Q-8927952V,4.589913515378272
1590,b-1699417D,7.386559487714865
1591,l-1528999M,2.1375011473505987
1592,i-1075099j,5.205483213120956
1593,g-1203735u,5.301503726964242
1594,N68342352J,1.4248721943878886
1595,t19684834s,1.036653589863049
1596,P28960538x,7.10808339072764
1597,k70721764Z,3.6539211255701702
1598,P35164993z,0.5902767714933518
1599,v-1084231t,4.999438518721637
1600,P62164543W,1.1299609400316377
1601,V-1603027E,0.7679002093571996
1602,r-3939023a,7.586890012042494
1603,D-1008484E,2.189202640484289
1604,Q-2192864t,2.207307448588876
1605,m97152459x,5.2698941280240685
1606,n79502261g,0.3909879392080735
1607,I-1934004o,4.247828720398671
1608,w-8712305w,1.1491437473927455
1609,t19569988O,3.320640432337004
1610,w-6743502g,3.1385727065422824
1611,e17224457A,2.247950775009514
1612,N25093826z,5.155504183298617
1613,k53344668C,6.934951204323353
1614,c18837598f,7.386559487714865
1615,o55235221X,2.195663670553427
1616,x83440968Q,4.999438518721637
1617,a-2129214S,4.33670754288284
1618,O16337155M,3.4202648451165234
1619,o-1780770o,4.355676226779031
1620,O-1008421H,3.244669826718776
1621,a33313854t,7.124455633865565
1622,M45840955U,1.252560635315325
1623,q22701640I,5.237092812061129
1624,J-2186173q,5.129017471619891
1625,T-9875021z,1.9839519355067976
1626,B16049866X,4.925893362257231
1627,i19613288g,3.8108081405237297
1628,P52156891U,5.33439731066387
1629,q-1768505B,3.4476218815149697
1630,D-1867285e,4.309133159430886
1631,l-2092770w,4.368317141823013
1632,Z15287780R,3.7557275454329253
1633,O18471034K,5.251899586908249
1634,p20324322c,5.2698941280240685
1635,p-8776685b,3.36603770681127
1636,A12568692Y,4.179316688693183
1637,G62487539y,7.060449662090766
1638,y-7520188c,4.562309380234622
1639,U-3855489z,4.238899016281909
1640,j47796305l,1.0879814939494208
1641,S-6466908z,5.122702867335677
1642,Z-2472770a,6.953255594467491
1643,B72054123K,2.181352132203358
1644,P63973841b,1.0905327967063694
1645,u95341442h,1.253226730374906
1646,z-5617263I,5.301503726964242
1647,s-1440522g,2.109982114377274
1648,w-1350890O,3.156218482712359
1649,b-1785569X,7.002395368821996
1650,N17581389s,1.3455485155333033
1651,Z-6866329f,4.292262448884451
1652,a15357539b,5.111059089300229
1653,y-1168665M,1.1299609400316377
1654,X-1688379x,4.587719173838925
1655,Z73577393A,0.43704282741180644
1656,r-1140095D,5.301503726964242
1657,k17692433t,1.0879814939494208
1658,a-2924229p,4.33670754288284
1659,I19994305a,4.07422295691951
1660,R16189354h,4.450879515514712
1661,f61508634I,2.195663670553427
1662,S56454866u,2.853951685096272
1663,u-2542978x,4.567753352934201
1664,p36642359W,7.417352158832496
1665,z22596029p,0.847747373361858
1666,j13578702a,4.401210725522641
1667,m41690051B,2.223828789150579
1668,C-1990447o,1.0209980608031513
1669,f17350995b,5.2698941280240685
1670,A13722291q,2.7922525800458184
1671,c-8926473m,2.207307448588876
1672,R-1161362E,5.137509642182797
1673,E-1829228V,5.301503726964242
1674,f-1106666p,4.2010785163538715
1675,B-1345652W,1.0879814939494208
1676,e-3819053E,3.972581669343196
1677,H12470081t,0.30945303130807644
1678,Y-2395041a,7.586890012042494
1679,m-6830168g,3.36603770681127
1680,n-1048550o,4.025203212497654
1681,p-4620845q,6.946594982358802
1682,z-1908457z,0.2541953539004045
1683,r11798594T,1.0879814939494208
1684,n-1078109P,7.467896081992699
1685,g21697086z,1.1299609400316377
1686,i-3020701S,5.237092812061129
1687,B51449710T,4.238899016281909
1688,G17715538Y,1.074516880090712
1689,d85134463X,2.109982114377274
1690,M-5383474I,5.220007365938418
1691,u79799419P,5.29205429046814
1692,h20236568A,0.38887791963266116
1693,Q-1319605b,1.1299609400316377
1694,d-1613102p,4.356673363787564
1695,S41123157J,1.0905327967063694
1696,x-1174319N,4.0182641000683335
1697,V-1073406u,5.225296817836054
1698,V21379614l,5.33439731066387
1699,z-3747302L,5.220007365938418
1700,y-2605432W,4.3039062269199
1701,g21854185N,7.3631554740862954
1702,E98324062j,5.29205429046814
1703,Y97110971P,0.2026375477857416
1704,X-3262812p,4.063121623024659
1705,H-1041344f,4.401210725522641
1706,c96102825T,7.612207139864868
1707,F-8514150E,0.43188083069630695
1708,n14484446O,4.271700332244849
1709,H72378904z,6.944043679601853
1710,U22558213g,1.253226730374906
1711,e-1228757n,4.893740695849473
1712,L-5297416Y,4.292262448884451
1713,j-1143057h,6.958355217951922
1714,p-1573015A,1.295206176457123
1715,U65662686c,1.2557780331318547
1716,S-4820484y,1.0879814939494208
1717,g-8761468w,0.3680657523162019
1718,Q-6145494U,2.181352132203358
1719,W10708735F,6.944043679601853
1720,p17325319H,4.5514733775329645
1721,F-1510394i,-0.09658548161895716
1722,C58608888l,5.089333861697477
1723,d-2253716j,1.020597964581771
1724,x16453445a,0.33362593948922686
1725,I66859230r,1.074516880090712
1726,P64817824s,0.06729583481627677
1727,g-1168593W,2.6122910337883636
1728,K22750834U,0.6584705746408099
1729,I-1242074u,2.9363633963044724
1730,F-3351081U,1.0879814939494208
1731,F19447831G,1.1299609400316377
1732,s-1689007T,1.0879814939494208
1733,k10152000a,5.111059089300229
1734,H12617664T,4.342361825437495
1735,t-1064471J,6.938389397047198
1736,t-2197360k,5.2698941280240685
1737,d-2120346e,6.934951204323353
1738,O-1642949k,1.253226730374906
1739,Q53125922U,2.221287322042217
1740,b-1461155F,4.926113192887833
1741,Q39818857Y,7.000547599479103
1742,r62935175h,6.934951204323353
1743,W-6196754y,0.9479076737022443
1744,g28641563H,0.42993953676836766
1745,j11454423o,5.124631654749343
1746,F-1666827W,2.401858959272128
1747,A21999620z,3.2315319317851716
1748,c75592211G,1.1827363490148954
1749,L-1701832m,0.23572858085464585
1750,k18648690J,1.1299609400316377
1751,h-1998519z,4.1717257203290306
1752,U-6212557F,5.318025067525945
1753,e-2299648Q,0.8837906406943672
1754,s-1139976I,5.33439731066387
1755,K-8425830Q,2.2755606600237086
1756,d22617101F,2.181352132203358
1757,D17905231R,4.118178685916871
1758,u13437959M,5.155504183298617
1759,Z-9946732U,2.917213479817479
1760,K-1500884y,2.207307448588876
1761,c-1794298L,0.48931194875064393
1762,M15430763y,5.316310501811362
1763,p-1264204Z,6.580939669707369
1764,U38299579G,6.938389397047198
1765,c56523775V,2.207307448588876
1766,T38194151F,7.58785913623407
1767,m-3164602H,2.1375011473505987
1768,n-1234064Z,4.292262448884451
1769,J-1156067J,7.508308020079635
1770,f-6526492s,0.2971028355274642
1771,l20269048F,7.3533461870576975
1772,B98720158A,5.301503726964242
1773,C-1753458i,7.002395368821996
1774,x21906434L,3.0883598705681683
1775,i13542684X,5.251899586908249
1776,u-1875498r,4.999438518721637
1777,X-1879171y,1.0905327967063694
1778,t21801419s,5.220007365938418
1779,L21647080y,1.0879814939494208
1780,h-5026863d,1.9139309087371952
1781,T-3466939S,3.613639522444714
1782,m12662735d,2.2331440001623943
1783,t14261623o,5.301503726964242
1784,n-2837743g,5.301503726964242
1785,e-2154304r,7.476101667304303
1786,N-2215366J,2.284359040280883
1787,g-1249815S,1.9669701672635023
1788,W-1215684E,7.531902053767498
1789,A11461567u,4.311107216274921
1790,L16034991d,1.592745827512219
1791,L-2243568g,0.3372911509378809
1792,U11614816e,4.233246659946067
1793,h-1908691k,5.33439731066387
1794,S-1588766I,4.115710187578282
1795,i-2841469F,5.098144943070617
1796,W12646665I,1.074516880090712
1797,P-2897916I,3.099826867277547
1798,q-1324803Z,5.237092812061129
1799,A-6570552N,1.1299609400316377
1800,k-1985555z,1.0879814939494208
1801,k13077603E,5.269986395760757
1802,H11107062P,1.0905327967063694
1803,u-1297698j,5.122702867335677
1804,R23868498r,5.268770297454684
1805,N-1923238g,5.1754700042033415
1806,j-5320438l,7.052304714456782
1807,M-2097633r,0.34586422000143385
1808,U52942046Z,1.074516880090712
1809,h17001071q,3.6706892832255678
1810,R-1401948E,5.316310501811362
1811,a-1738562d,7.10808339072764
1812,R99178335S,7.09205926103094
1813,t19157053h,2.4062160216808643
1814,m14758475e,5.21931607362413
1815,B47711748K,5.220007365938418
1816,t21884438y,7.3631554740862954
1817,V-2454314m,-0.09658548161895716
1818,Z16920973J,7.354949888774692
1819,b13641719v,5.275548410578724
1820,X13092819Q,3.4783604337890615
1821,r14567820H,6.934951204323353
1822,a-1296325M,4.186464259433192
1823,v-1923353f,5.33439731066387
1824,P75675086P,6.934951204323353
1825,H-2270745P,4.292262448884451
1826,f-1963567i,3.7873376190658172
1827,C19974180h,0.9619816010914695
1828,N39559408S,1.1299609400316377
1829,P-2227204H,4.113515846038935
1830,P13046593R,4.33670754288284
1831,k72805610d,4.244125948792895
1832,N62378224U,5.3066468436161776
1833,j-1956405K,-0.1386525214274305
1834,Q-1492285k,2.241495069590222
1835,Q11700844e,2.5378939784916095
1836,E-3042252G,1.7607166812544117
1837,q-1872858i,1.3418836888733936
1838,h-1344515n,5.1294976560778975
1839,O-1383891v,2.207307448588876
1840,X64881130C,1.074516880090712
1841,U19015371f,5.316310501811362
1842,R69641219y,1.253226730374906
1843,M25907433E,2.253078018001999
1844,e-1885009l,2.162299175768485
1845,l-1959164P,4.801663129757719
1846,M-9949056v,7.476101667304303
1847,d-1302572o,2.0173273215414063
1848,f22323125D,5.220007365938418
1849,d10736354y,4.406500177420277
1850,w-3928877y,5.316310501811362
1851,y13551852I,1.1299609400316377
1852,p-6352560b,1.1299609400316377
1853,i11460685H,6.958355217951922
1854,r44913393N,7.174364979500351
1855,S11426971O,1.1299609400316377
1856,S-4753227p,4.292262448884451
1857,Z-9466103x,2.101395654129717
1858,b86382646t,5.2698941280240685
1859,T-2294411h,4.238899016281909
1860,f13646346O,7.146453777897021
1861,k12390619M,2.1524587713244947
1862,p14822094P,7.073196708935957
1863,y-1267351r,1.2397621165161972
1864,r10427446Y,2.223828789150579
1865,Z21148829c,2.152418237136347
1866,w15143755c,2.932034479853581
1867,s12154911r,7.0933512300691355
1868,y76872086H,5.33439731066387
1869,p15590759i,5.220007365938418
1870,z-5067315t,5.2698941280240685
1871,H-1836769I,7.41895586054949
1872,f-1042769Z,3.309226451122278
1873,f16491132W,4.401210725522641
1874,P21644134e,4.926544697142747
1875,o67669876a,3.2455737784431324
1876,h-1414900L,5.2698941280240685
1877,i90456198D,5.1877064746839565
1878,B-2199737O,2.61320526699987
1879,s-5157124G,1.1752900715740073
1880,q20798329k,3.448945378906813
1881,b-6366825A,2.223828789150579
1882,o16666830b,5.161158465853272
1883,H-2456490y,6.938389397047198
1884,p17190552s,7.3631554740862954
1885,P22575706L,4.186235076029193
1886,W19937723D,5.339686762561506
1887,p-2060516y,7.476101667304303
1888,x13966371T,5.1754700042033415
1889,q53435481a,1.0879814939494208
1890,Q-9617805F,5.137509642182797
1891,N59793228F,4.330983601527727
1892,M52666824i,3.021951463813388
1893,T-1009246T,7.002395368821996
1894,f11409987C,3.458498572319867
1895,z-7198780T,2.195663670553427
1896,k-7951300Y,2.395785457310786
1897,J19069143E,5.251899586908249
1898,b-1597167C,5.301503726964242
1899,O-6623929C,7.123054079297852
1900,F14674957T,5.129017471619891
1901,t82296586k,4.336799810619528
1902,Z20453566w,5.316310501811362
1903,J82279855E,7.468865206184276
1904,n-2242535p,4.2866713065748545
1905,V-1226312R,7.002395368821996
1906,v-7763664j,1.074516880090712
1907,h-1179139J,1.1299609400316377
1908,x13640960Q,2.8475289603584026
1909,Z-2276652N,5.316310501811362
1910,F-2165841B,7.115341562040004
1911,x-1331529J,3.8457558257412057
1912,J-2127749D,3.191377468614515
